{"stats":{"minecraft:crafted":{"minecraft:cooked_beef":11,"minecraft:crafting_table":1,"minecraft:air":38,"minecraft:charcoal":4,"minecraft:stick":4,"immersive_weathering:charred_planks":1},"minecraft:custom":{"minecraft:interact_with_furnace":25,"minecraft:mob_kills":31,"minecraft:interact_with_crafting_table":11,"minecraft:open_barrel":2,"minecraft:leave_game":1,"minecraft:time_since_death":7301,"minecraft:climb_one_cm":2452,"minecraft:time_since_rest":7328,"minecraft:waystone_activated":2,"minecraft:sprint_one_cm":247972,"champions:champion_mobs_killed":1,"minecraft:walk_one_cm":412099,"minecraft:damage_taken":1515,"minecraft:damage_absorbed":10,"minecraft:drop":7,"minecraft:damage_dealt":5128,"minecraft:swim_one_cm":5901,"minecraft:talked_to_villager":2,"minecraft:fly_one_cm":160231,"minecraft:open_chest":2,"minecraft:crouch_one_cm":4257,"minecraft:play_time":69726,"minecraft:deaths":5,"minecraft:sneak_time":641,"minecraft:walk_under_water_one_cm":7931,"minecraft:jump":635,"minecraft:walk_on_water_one_cm":15360,"minecraft:total_world_time":69726,"minecraft:fall_one_cm":11193},"minecraft:mined":{"minecraft:acacia_leaves":1,"minecraft:grass_block":3,"minecraft:dead_bush":4,"minecraft:tall_grass":1,"farmersdelight:wild_tomatoes":19,"treechop:chopped_log":9,"minecraft:grass":43,"minecraft:dirt":7,"minecraft:stone":11},"minecraft:broken":{"minecraft:wooden_axe":1},"minecraft:killed_by":{"simple_mobs:dragon_flame":2,"bloodandmadness:church_doctor_pistol":1,"bloodandmadness:church_doctor_crucifix":1,"untamedwilds:hyena":1},"minecraft:picked_up":{"minecraft:feather":4,"minecraft:chicken":5,"minecraft:leather":10,"alexsmobs:acacia_blossom":1,"paraglider:spirit_orb":1,"alexsmobs:mosquito_larva":1,"farmersdelight:tomato":5,"minecraft:dirt":10,"minecraft:bone":1,"untamedwilds:material_fat":1,"minecraft:wheat_seeds":27,"minecraft:beef":15,"minecraft:iron_sword":1,"minecraft:acacia_sapling":14,"minecraft:egg":2,"hexerei:animal_fat":4,"minecraft:stick":15,"minecraft:copper_ingot":1,"alexsmobs:shark_tooth":1,"minecraft:acacia_log":70,"minecraft:spyglass":1,"farmersdelight:tomato_seeds":19,"hexerei:sage_seed":6,"minecraft:cobblestone":11},"minecraft:killed":{"untamedwilds:hyena":7,"untamedwilds:wildebeest":1,"minecraft:wandering_trader":1,"bloodandmadness:church_doctor_lantern":1,"minecraft:trader_llama":1,"alexsmobs:terrapin":1,"minecraft:chicken":5,"alexsmobs:maned_wolf":1,"minecraft:llama":1,"habitat:passerine":2,"restored_earth:bouldering_zombie":1,"minecraft:cow":6},"minecraft:used":{"minecraft:wooden_pickaxe":14,"minecraft:crafting_table":2,"minecraft:wooden_axe":92,"farmersdelight:tomato":5,"minecraft:bread":6,"epicfight:stone_greatsword":70,"minecraft:furnace":1,"minecraft:cooked_beef":5},"minecraft:dropped":{"minecraft:spyglass":1,"minecraft:cooked_beef":6,"minecraft:chicken":2,"minecraft:leather":1,"minecraft:wooden_axe":1}},"DataVersion":2975}