{"stats":{"minecraft:crafted":{"minecraft:charcoal":4,"minecraft:crafting_table":1,"minecraft:stick":4,"immersive_weathering:charred_planks":1,"minecraft:air":38,"minecraft:cooked_beef":11},"minecraft:custom":{"minecraft:time_since_rest":3741,"minecraft:waystone_activated":1,"champions:champion_mobs_killed":1,"minecraft:interact_with_furnace":25,"minecraft:sprint_one_cm":172360,"minecraft:damage_taken":870,"minecraft:walk_one_cm":322203,"minecraft:mob_kills":30,"minecraft:drop":5,"minecraft:damage_dealt":4887,"minecraft:talked_to_villager":2,"minecraft:swim_one_cm":3784,"minecraft:interact_with_crafting_table":11,"minecraft:fly_one_cm":101667,"minecraft:open_barrel":2,"minecraft:open_chest":2,"minecraft:crouch_one_cm":3960,"minecraft:play_time":57726,"minecraft:deaths":3,"minecraft:sneak_time":596,"minecraft:walk_under_water_one_cm":6125,"minecraft:jump":416,"minecraft:leave_game":1,"minecraft:time_since_death":3699,"minecraft:walk_on_water_one_cm":6431,"minecraft:climb_one_cm":2452,"minecraft:total_world_time":57726,"minecraft:fall_one_cm":5609},"minecraft:mined":{"minecraft:acacia_leaves":1,"treechop:chopped_log":9,"minecraft:grass":43,"minecraft:grass_block":3,"minecraft:dead_bush":4,"minecraft:dirt":7,"minecraft:tall_grass":1,"farmersdelight:wild_tomatoes":19,"minecraft:stone":11},"minecraft:broken":{"minecraft:wooden_axe":1},"minecraft:killed_by":{"bloodandmadness:church_doctor_pistol":1,"bloodandmadness:church_doctor_crucifix":1,"untamedwilds:hyena":1},"minecraft:picked_up":{"hexerei:animal_fat":4,"minecraft:stick":15,"minecraft:feather":4,"minecraft:chicken":5,"minecraft:leather":10,"alexsmobs:acacia_blossom":1,"minecraft:acacia_log":70,"minecraft:spyglass":1,"paraglider:spirit_orb":1,"farmersdelight:tomato_seeds":19,"alexsmobs:mosquito_larva":1,"farmersdelight:tomato":5,"minecraft:dirt":10,"hexerei:sage_seed":3,"minecraft:bone":1,"untamedwilds:material_fat":1,"minecraft:wheat_seeds":9,"minecraft:beef":15,"minecraft:acacia_sapling":14,"minecraft:cobblestone":11,"minecraft:egg":2},"minecraft:killed":{"untamedwilds:hyena":7,"minecraft:trader_llama":1,"alexsmobs:terrapin":1,"minecraft:chicken":5,"alexsmobs:maned_wolf":1,"untamedwilds:wildebeest":1,"habitat:passerine":2,"minecraft:wandering_trader":1,"bloodandmadness:church_doctor_lantern":1,"restored_earth:bouldering_zombie":1,"minecraft:cow":6},"minecraft:used":{"minecraft:wooden_axe":92,"farmersdelight:tomato":5,"minecraft:bread":6,"minecraft:wooden_pickaxe":14,"epicfight:stone_greatsword":68,"minecraft:crafting_table":2,"minecraft:furnace":1,"minecraft:cooked_beef":3},"minecraft:dropped":{"minecraft:spyglass":1,"minecraft:wooden_axe":1,"minecraft:chicken":2,"minecraft:leather":1}},"DataVersion":2975}