{"stats":{"minecraft:crafted":{"minecraft:crafting_table":1,"minecraft:stick":4,"minecraft:air":34},"minecraft:custom":{"minecraft:time_since_rest":12235,"minecraft:sprint_one_cm":56746,"minecraft:damage_taken":300,"minecraft:walk_one_cm":102024,"minecraft:mob_kills":17,"minecraft:drop":1,"minecraft:damage_dealt":1966,"minecraft:interact_with_crafting_table":2,"minecraft:fly_one_cm":25656,"minecraft:crouch_one_cm":119,"minecraft:play_time":21726,"minecraft:deaths":1,"minecraft:sneak_time":92,"minecraft:walk_under_water_one_cm":1505,"minecraft:jump":77,"minecraft:leave_game":1,"minecraft:time_since_death":12211,"minecraft:walk_on_water_one_cm":3056,"minecraft:total_world_time":21726,"minecraft:fall_one_cm":1254},"minecraft:mined":{"treechop:chopped_log":2,"minecraft:grass":20,"minecraft:tall_grass":1,"farmersdelight:wild_tomatoes":7},"minecraft:killed_by":{"untamedwilds:hyena":1},"minecraft:picked_up":{"hexerei:animal_fat":3,"minecraft:stick":1,"minecraft:feather":3,"minecraft:chicken":3,"minecraft:leather":6,"minecraft:acacia_log":15,"paraglider:spirit_orb":1,"farmersdelight:tomato_seeds":7,"farmersdelight:tomato":3,"hexerei:sage_seed":3,"minecraft:bone":1,"untamedwilds:material_fat":1,"minecraft:wheat_seeds":5,"minecraft:beef":9,"minecraft:acacia_sapling":1,"minecraft:egg":1},"minecraft:killed":{"untamedwilds:hyena":6,"alexsmobs:terrapin":1,"minecraft:chicken":3,"alexsmobs:maned_wolf":1,"untamedwilds:wildebeest":1,"habitat:passerine":1,"minecraft:cow":4},"minecraft:used":{"minecraft:wooden_axe":9,"farmersdelight:tomato":2,"minecraft:bread":2,"epicfight:stone_greatsword":41,"minecraft:crafting_table":1},"minecraft:dropped":{"minecraft:wooden_axe":1}},"DataVersion":2975}