{"stats":{"minecraft:custom":{"minecraft:time_since_rest":235,"minecraft:deaths":1,"minecraft:crouch_one_cm":113,"minecraft:damage_taken":250,"minecraft:play_time":9726,"minecraft:sprint_one_cm":32696,"minecraft:walk_one_cm":52724,"minecraft:sneak_time":10,"minecraft:walk_under_water_one_cm":599,"minecraft:mob_kills":13,"minecraft:jump":36,"minecraft:damage_dealt":1400,"minecraft:leave_game":1,"minecraft:walk_on_water_one_cm":950,"minecraft:time_since_death":211,"minecraft:total_world_time":9726,"minecraft:fall_one_cm":627,"minecraft:fly_one_cm":14111},"minecraft:mined":{"minecraft:grass":16,"minecraft:tall_grass":1,"farmersdelight:wild_tomatoes":7},"minecraft:killed_by":{"untamedwilds:hyena":1},"minecraft:killed":{"untamedwilds:hyena":4,"habitat:passerine":1,"minecraft:chicken":3,"alexsmobs:maned_wolf":1,"minecraft:cow":4},"minecraft:picked_up":{"hexerei:animal_fat":3,"hexerei:sage_seed":2,"minecraft:feather":3,"minecraft:chicken":3,"minecraft:leather":4,"minecraft:wheat_seeds":5,"minecraft:beef":9,"paraglider:spirit_orb":1,"farmersdelight:tomato_seeds":7,"farmersdelight:tomato":3,"minecraft:egg":1},"minecraft:used":{"epicfight:stone_greatsword":31}},"DataVersion":2975}