{"stats":{"minecraft:crafted":{"minecraft:crafting_table":1,"minecraft:stick":4,"minecraft:air":37},"minecraft:custom":{"minecraft:time_since_rest":36235,"minecraft:interact_with_furnace":2,"minecraft:sprint_one_cm":135467,"minecraft:damage_taken":320,"minecraft:walk_one_cm":237467,"minecraft:mob_kills":26,"minecraft:drop":5,"minecraft:damage_dealt":3101,"minecraft:swim_one_cm":2218,"minecraft:interact_with_crafting_table":6,"minecraft:fly_one_cm":80078,"minecraft:crouch_one_cm":3889,"minecraft:play_time":45726,"minecraft:deaths":1,"minecraft:sneak_time":574,"minecraft:walk_under_water_one_cm":2945,"minecraft:jump":285,"minecraft:leave_game":1,"minecraft:time_since_death":36211,"minecraft:walk_on_water_one_cm":4032,"minecraft:total_world_time":45726,"minecraft:fall_one_cm":4501},"minecraft:mined":{"treechop:chopped_log":9,"minecraft:grass":43,"minecraft:grass_block":3,"minecraft:dead_bush":4,"minecraft:dirt":7,"minecraft:tall_grass":1,"farmersdelight:wild_tomatoes":19,"minecraft:stone":11},"minecraft:broken":{"minecraft:wooden_axe":1},"minecraft:killed_by":{"untamedwilds:hyena":1},"minecraft:picked_up":{"hexerei:animal_fat":4,"minecraft:stick":13,"minecraft:feather":4,"minecraft:chicken":5,"minecraft:leather":10,"alexsmobs:acacia_blossom":1,"minecraft:acacia_log":70,"minecraft:spyglass":1,"paraglider:spirit_orb":1,"farmersdelight:tomato_seeds":19,"alexsmobs:mosquito_larva":1,"farmersdelight:tomato":5,"minecraft:dirt":10,"hexerei:sage_seed":3,"minecraft:bone":1,"untamedwilds:material_fat":1,"minecraft:wheat_seeds":9,"minecraft:beef":15,"minecraft:acacia_sapling":14,"minecraft:cobblestone":11,"minecraft:egg":2},"minecraft:killed":{"untamedwilds:hyena":6,"minecraft:trader_llama":1,"alexsmobs:terrapin":1,"minecraft:chicken":5,"alexsmobs:maned_wolf":1,"untamedwilds:wildebeest":1,"habitat:passerine":2,"minecraft:wandering_trader":1,"minecraft:cow":6},"minecraft:used":{"minecraft:wooden_axe":92,"farmersdelight:tomato":2,"minecraft:bread":6,"minecraft:wooden_pickaxe":14,"epicfight:stone_greatsword":54,"minecraft:crafting_table":2,"minecraft:furnace":1},"minecraft:dropped":{"minecraft:spyglass":1,"minecraft:wooden_axe":1,"minecraft:chicken":2,"minecraft:leather":1}},"DataVersion":2975}