{"stats":{"minecraft:crafted":{"minecraft:crafting_table":1,"minecraft:stick":4,"minecraft:air":36},"minecraft:custom":{"minecraft:time_since_rest":24235,"minecraft:sprint_one_cm":102614,"minecraft:damage_taken":300,"minecraft:walk_one_cm":164322,"minecraft:mob_kills":22,"minecraft:drop":4,"minecraft:damage_dealt":2316,"minecraft:interact_with_crafting_table":3,"minecraft:fly_one_cm":50201,"minecraft:crouch_one_cm":3004,"minecraft:play_time":33726,"minecraft:deaths":1,"minecraft:sneak_time":420,"minecraft:walk_under_water_one_cm":1505,"minecraft:jump":150,"minecraft:leave_game":1,"minecraft:time_since_death":24211,"minecraft:walk_on_water_one_cm":3056,"minecraft:total_world_time":33726,"minecraft:fall_one_cm":2972},"minecraft:mined":{"treechop:chopped_log":9,"minecraft:grass":35,"minecraft:grass_block":3,"minecraft:dead_bush":4,"minecraft:dirt":7,"minecraft:tall_grass":1,"farmersdelight:wild_tomatoes":19,"minecraft:stone":1},"minecraft:broken":{"minecraft:wooden_axe":1},"minecraft:killed_by":{"untamedwilds:hyena":1},"minecraft:picked_up":{"hexerei:animal_fat":4,"minecraft:stick":13,"minecraft:feather":4,"minecraft:chicken":5,"minecraft:leather":8,"alexsmobs:acacia_blossom":1,"minecraft:acacia_log":70,"paraglider:spirit_orb":1,"farmersdelight:tomato_seeds":19,"farmersdelight:tomato":5,"minecraft:dirt":10,"hexerei:sage_seed":3,"minecraft:bone":1,"untamedwilds:material_fat":1,"minecraft:wheat_seeds":8,"minecraft:beef":15,"minecraft:acacia_sapling":14,"minecraft:egg":1},"minecraft:killed":{"untamedwilds:hyena":6,"alexsmobs:terrapin":1,"minecraft:chicken":5,"alexsmobs:maned_wolf":1,"untamedwilds:wildebeest":1,"habitat:passerine":2,"minecraft:cow":6},"minecraft:used":{"minecraft:wooden_axe":92,"farmersdelight:tomato":2,"minecraft:bread":6,"minecraft:wooden_pickaxe":1,"epicfight:stone_greatsword":46,"minecraft:crafting_table":2},"minecraft:dropped":{"minecraft:wooden_axe":1,"minecraft:chicken":2,"minecraft:leather":1}},"DataVersion":2975}