{"stats":{"minecraft:custom":{"minecraft:jump":68,"minecraft:time_since_rest":3508,"minecraft:damage_dealt":100,"minecraft:crouch_one_cm":273,"minecraft:sprint_one_cm":22023,"minecraft:play_time":3508,"minecraft:damage_taken":20,"minecraft:time_since_death":3508,"minecraft:walk_one_cm":21109,"minecraft:sneak_time":76,"minecraft:total_world_time":3508,"minecraft:mob_kills":1,"minecraft:damage_dealt_absorbed":42,"minecraft:fall_one_cm":2459,"minecraft:fly_one_cm":22240},"minecraft:mined":{"minecraft:grass":1},"minecraft:killed":{"minecraft:cow":1},"minecraft:used":{"epicfight:uchigatana":2}},"DataVersion":2975}