{"stats":{"minecraft:custom":{"minecraft:time_since_rest":8909,"minecraft:crouch_one_cm":3010,"minecraft:deaths":1,"minecraft:play_time":14401,"minecraft:sprint_one_cm":76574,"minecraft:damage_taken":230,"minecraft:walk_one_cm":134574,"minecraft:sneak_time":344,"minecraft:walk_under_water_one_cm":625,"minecraft:mob_kills":4,"minecraft:drop":3,"minecraft:jump":274,"minecraft:damage_dealt":890,"minecraft:leave_game":1,"minecraft:walk_on_water_one_cm":1086,"minecraft:time_since_death":8872,"minecraft:total_world_time":14401,"minecraft:talked_to_villager":1,"minecraft:swim_one_cm":6923,"minecraft:damage_dealt_absorbed":42,"minecraft:fall_one_cm":4874,"minecraft:fly_one_cm":76282},"minecraft:mined":{"minecraft:grass":6,"minecraft:dirt":1,"treechop:chopped_log":1},"minecraft:killed_by":{"untamedwilds:hyena":1},"minecraft:picked_up":{"minecraft:stick":2,"minecraft:feather":1,"minecraft:leather":2,"minecraft:lead":1,"minecraft:acacia_log":6,"minecraft:beef":3,"minecraft:acacia_sapling":1},"minecraft:killed":{"untamedwilds:hyena":2,"minecraft:cow":2},"minecraft:used":{"minecraft:beef":1,"minecraft:bread":4,"epicfight:uchigatana":13},"minecraft:dropped":{"minecraft:feather":1,"epicfight:uchigatana":1,"alexsmobs:mosquito_larva":1}},"DataVersion":2975}