{"stats":{"minecraft:crafted":{"minecraft:cooked_beef":5,"minecraft:crafting_table":1,"minecraft:wooden_axe":1,"minecraft:air":24},"minecraft:custom":{"minecraft:time_since_rest":4707,"champions:champion_mobs_killed":1,"minecraft:interact_with_furnace":21,"minecraft:sprint_one_cm":120138,"minecraft:damage_taken":880,"minecraft:walk_one_cm":253490,"minecraft:mob_kills":7,"minecraft:drop":6,"minecraft:damage_dealt":1563,"minecraft:interact_with_crafting_table":1,"minecraft:damage_dealt_absorbed":84,"minecraft:swim_one_cm":13248,"minecraft:talked_to_villager":1,"minecraft:fly_one_cm":135033,"minecraft:crouch_one_cm":4183,"minecraft:play_time":26401,"minecraft:deaths":2,"minecraft:sneak_time":495,"minecraft:walk_under_water_one_cm":3978,"minecraft:jump":478,"minecraft:leave_game":1,"minecraft:time_since_death":4620,"minecraft:walk_on_water_one_cm":4280,"minecraft:total_world_time":26401,"minecraft:fall_one_cm":8596},"minecraft:mined":{"immersive_weathering:acacia_leaf_pile":1,"treechop:chopped_log":1,"minecraft:grass":44,"minecraft:grass_block":1,"minecraft:poppy":1,"minecraft:dirt":1,"minecraft:tall_grass":1},"minecraft:killed_by":{"bloodandmadness:church_doctor_crucifix":1,"untamedwilds:hyena":1},"minecraft:picked_up":{"minecraft:stick":2,"minecraft:feather":1,"minecraft:leather":2,"minecraft:lead":1,"alexsmobs:acacia_blossom":2,"minecraft:acacia_log":6,"epicfight:uchigatana":2,"minecraft:dirt":1,"hexerei:sage_seed":1,"minecraft:arrow":2,"bloodandmadness:blood_vial":2,"minecraft:wheat_seeds":1,"minecraft:beef":3,"minecraft:poppy":1,"bloodandmadness:blood_stone_shard":1,"minecraft:acacia_sapling":5,"minecraft:egg":1},"minecraft:killed":{"untamedwilds:hyena":2,"minecraft:pillager":1,"minecraft:cow":2},"minecraft:used":{"minecraft:wooden_axe":22,"minecraft:bread":6,"minecraft:beef":1,"minecraft:crafting_table":1,"minecraft:egg":1,"minecraft:cooked_beef":2,"epicfight:uchigatana":23,"alexsmobs:emu_egg":1},"minecraft:dropped":{"minecraft:dirt":1,"hexerei:sage_seed":1,"epicfight:uchigatana":2,"minecraft:feather":1,"alexsmobs:mosquito_larva":1}},"DataVersion":2975}