{"stats":{"minecraft:crafted":{"minecraft:cooked_beef":5,"minecraft:crafting_table":3,"minecraft:wooden_pickaxe":1,"minecraft:sand":24,"minecraft:air":24,"minecraft:stick":8,"minecraft:iron_pickaxe":1,"minecraft:wooden_axe":1},"minecraft:used":{"minecraft:wooden_pickaxe":20,"minecraft:cracked_stone_bricks":1,"minecraft:torch":2,"minecraft:crafting_table":3,"simple_mobs:lycanthrope_elixir":2,"minecraft:wooden_axe":29,"minecraft:apple":9,"farmersdelight:tomato":1,"minecraft:bread":10,"minecraft:iron_pickaxe":28,"minecraft:stone_bricks":3,"minecraft:cobblestone":9,"minecraft:beef":1,"minecraft:pumpkin_pie":1,"supplementaries:statue":1,"minecraft:egg":1,"minecraft:cooked_beef":5,"epicfight:uchigatana":115,"minecraft:beetroot_soup":1,"alexsmobs:emu_egg":1,"minecraft:experience_bottle":6},"minecraft:dropped":{"minecraft:iron_sword":1,"hexerei:sage_seed":1,"alexsmobs:acacia_blossom":4,"epicfight:uchigatana":2,"irons_spellbooks:lightning_bottle":6,"minecraft:bowl":1,"minecraft:wheat":3,"minecraft:crossbow":1,"minecraft:feather":1,"minecraft:lead":3,"minecraft:leather":1,"irons_spellbooks:scroll":2,"minecraft:dirt":1,"simple_mobs:shade_mane":1,"minecraft:arrow":30,"dannys_expansion:gel":1,"minecraft:wooden_pickaxe":1,"minecraft:paper":1,"irons_spellbooks:cast_time_ring":1,"farmersdelight:tomato_seeds":5,"alexsmobs:mosquito_larva":1},"minecraft:picked_up":{"minecraft:wheat":3,"minecraft:coarse_dirt":2,"minecraft:feather":1,"minecraft:flower_pot":1,"minecraft:leather":2,"minecraft:lead":3,"alexsmobs:acacia_blossom":7,"create:raw_zinc":17,"farmersdelight:tomato":1,"minecraft:dirt":5,"supplementaries:statue":1,"bloodandmadness:blood_vial":2,"minecraft:stone_bricks":7,"minecraft:cracked_stone_bricks":2,"minecraft:wheat_seeds":6,"minecraft:beef":3,"minecraft:poppy":1,"minecraft:acacia_sapling":9,"minecraft:egg":1,"minecraft:stick":8,"simple_mobs:shade_mane":1,"minecraft:acacia_log":6,"farmersdelight:tomato_seeds":9,"epicfight:uchigatana":2,"immersive_weathering:stone_brick":1,"hexerei:sage_seed":3,"dannys_expansion:gel":1,"minecraft:cactus":1,"minecraft:arrow":8,"minecraft:oak_sapling":3,"minecraft:mutton":1,"minecraft:bread":4,"supplementaries:ash":1,"minecraft:melon_seeds":2,"bloodandmadness:blood_stone_shard":1,"simple_mobs:lycanthrope_elixir":2,"minecraft:cobblestone":12},"minecraft:killed_by":{"minecraft:vindicator":2,"simple_mobs:shade":1,"simple_mobs:dragon_flame":3,"simple_mobs:ent":2,"minecraft:skeleton":1,"minecraft:creeper":1,"friendsandfoes:mauler":1,"irons_spellbooks:archevoker":1,"bloodandmadness:church_doctor_crucifix":2,"untamedwilds:hyena":1},"minecraft:mined":{"create:zinc_ore":7,"create:deepslate_zinc_ore":10,"supplementaries:statue":1,"immersive_weathering:acacia_leaf_pile":1,"minecraft:potted_cactus":1,"minecraft:grass_block":3,"minecraft:poppy":4,"minecraft:dead_bush":1,"minecraft:tall_grass":6,"farmersdelight:wild_tomatoes":9,"minecraft:coarse_dirt":5,"minecraft:fire":5,"treechop:chopped_log":1,"minecraft:grass":94,"minecraft:dirt":2,"minecraft:cracked_stone_bricks":2,"minecraft:stone":13,"minecraft:stone_bricks":7,"minecraft:iron_block":1,"minecraft:infested_stone":1},"minecraft:custom":{"lootr:looted_stat":5,"minecraft:interact_with_furnace":21,"minecraft:mob_kills":19,"minecraft:traded_with_villager":3,"minecraft:interact_with_crafting_table":3,"minecraft:open_barrel":3,"minecraft:bell_ring":2,"minecraft:damage_dealt_resisted":102,"minecraft:leave_game":2,"minecraft:time_since_death":2440,"minecraft:climb_one_cm":3014,"minecraft:time_since_rest":2491,"minecraft:waystone_activated":2,"champions:champion_mobs_killed":9,"minecraft:sprint_one_cm":304844,"minecraft:damage_taken":5309,"minecraft:walk_one_cm":680737,"minecraft:drop":31,"minecraft:damage_dealt":4555,"minecraft:damage_dealt_absorbed":160,"minecraft:swim_one_cm":27404,"minecraft:talked_to_villager":2,"minecraft:fly_one_cm":354137,"minecraft:open_chest":3,"minecraft:crouch_one_cm":5757,"minecraft:play_time":77583,"minecraft:deaths":18,"minecraft:sneak_time":872,"minecraft:walk_under_water_one_cm":15024,"minecraft:jump":1426,"minecraft:walk_on_water_one_cm":19711,"minecraft:total_world_time":77583,"minecraft:fall_one_cm":31201,"minecraft:horse_one_cm":7019},"minecraft:killed":{"untamedwilds:hyena":2,"minecraft:witch":1,"simple_mobs:shade":1,"minecraft:vindicator":1,"dannys_expansion:mundane_slime":1,"minecraft:skeleton":1,"minecraft:pillager":3,"friendsandfoes:mauler":1,"minecraft:silverfish":1,"minecraft:cow":2}},"DataVersion":2975}