{"stats":{"minecraft:crafted":{"minecraft:cooked_beef":5,"minecraft:crafting_table":3,"minecraft:wooden_pickaxe":1,"minecraft:sand":24,"minecraft:air":24,"minecraft:stick":8,"minecraft:iron_pickaxe":1,"minecraft:wooden_axe":1},"minecraft:custom":{"lootr:looted_stat":5,"minecraft:interact_with_furnace":21,"minecraft:mob_kills":13,"minecraft:traded_with_villager":3,"minecraft:interact_with_crafting_table":3,"minecraft:open_barrel":3,"minecraft:bell_ring":2,"minecraft:damage_dealt_resisted":102,"minecraft:leave_game":1,"minecraft:time_since_death":46,"minecraft:climb_one_cm":3014,"minecraft:time_since_rest":99,"minecraft:waystone_activated":2,"minecraft:sprint_one_cm":223946,"champions:champion_mobs_killed":6,"minecraft:damage_taken":3765,"minecraft:walk_one_cm":509817,"minecraft:drop":25,"minecraft:damage_dealt":3536,"minecraft:damage_dealt_absorbed":160,"minecraft:swim_one_cm":27404,"minecraft:talked_to_villager":2,"minecraft:fly_one_cm":255969,"minecraft:open_chest":1,"minecraft:crouch_one_cm":5693,"minecraft:play_time":62401,"minecraft:deaths":13,"minecraft:sneak_time":866,"minecraft:walk_under_water_one_cm":15024,"minecraft:jump":1075,"minecraft:walk_on_water_one_cm":14784,"minecraft:total_world_time":62401,"minecraft:fall_one_cm":20421,"minecraft:horse_one_cm":7019},"minecraft:mined":{"create:deepslate_zinc_ore":10,"supplementaries:statue":1,"immersive_weathering:acacia_leaf_pile":1,"minecraft:potted_cactus":1,"minecraft:grass_block":1,"minecraft:poppy":4,"minecraft:dead_bush":1,"minecraft:tall_grass":1,"farmersdelight:wild_tomatoes":9,"minecraft:fire":5,"treechop:chopped_log":1,"minecraft:grass":62,"minecraft:dirt":1,"minecraft:cracked_stone_bricks":2,"minecraft:stone_bricks":7,"minecraft:stone":13,"create:zinc_ore":7},"minecraft:killed_by":{"minecraft:vindicator":2,"simple_mobs:shade":1,"simple_mobs:dragon_flame":3,"friendsandfoes:mauler":1,"irons_spellbooks:archevoker":1,"bloodandmadness:church_doctor_crucifix":2,"untamedwilds:hyena":1},"minecraft:picked_up":{"minecraft:feather":1,"minecraft:flower_pot":1,"minecraft:leather":2,"alexsmobs:acacia_blossom":6,"minecraft:lead":3,"create:raw_zinc":17,"farmersdelight:tomato":1,"minecraft:dirt":2,"supplementaries:statue":1,"bloodandmadness:blood_vial":2,"minecraft:stone_bricks":7,"minecraft:cracked_stone_bricks":2,"minecraft:wheat_seeds":3,"minecraft:beef":3,"minecraft:poppy":1,"minecraft:acacia_sapling":5,"minecraft:egg":1,"minecraft:stick":4,"minecraft:acacia_log":6,"farmersdelight:tomato_seeds":9,"epicfight:uchigatana":2,"immersive_weathering:stone_brick":1,"hexerei:sage_seed":2,"dannys_expansion:gel":1,"minecraft:cactus":1,"minecraft:arrow":6,"minecraft:bread":4,"supplementaries:ash":1,"simple_mobs:lycanthrope_elixir":2,"bloodandmadness:blood_stone_shard":1,"minecraft:cobblestone":12},"minecraft:killed":{"untamedwilds:hyena":2,"minecraft:witch":1,"minecraft:vindicator":1,"dannys_expansion:mundane_slime":1,"minecraft:pillager":3,"friendsandfoes:mauler":1,"minecraft:cow":2},"minecraft:used":{"alexsmobs:emu_egg":1,"minecraft:wooden_pickaxe":20,"minecraft:cracked_stone_bricks":1,"minecraft:torch":2,"minecraft:crafting_table":3,"simple_mobs:lycanthrope_elixir":2,"minecraft:wooden_axe":23,"minecraft:apple":2,"farmersdelight:tomato":1,"minecraft:bread":10,"minecraft:iron_pickaxe":20,"minecraft:stone_bricks":3,"minecraft:cobblestone":9,"minecraft:beef":1,"minecraft:pumpkin_pie":1,"minecraft:egg":1,"minecraft:cooked_beef":5,"minecraft:beetroot_soup":1,"epicfight:uchigatana":68,"minecraft:experience_bottle":6},"minecraft:dropped":{"minecraft:iron_sword":1,"hexerei:sage_seed":1,"alexsmobs:acacia_blossom":4,"epicfight:uchigatana":2,"irons_spellbooks:lightning_bottle":6,"minecraft:bowl":1,"minecraft:crossbow":1,"minecraft:feather":1,"minecraft:lead":2,"minecraft:leather":1,"irons_spellbooks:scroll":2,"minecraft:dirt":1,"minecraft:arrow":30,"dannys_expansion:gel":1,"minecraft:wooden_pickaxe":1,"irons_spellbooks:cast_time_ring":1,"farmersdelight:tomato_seeds":5,"alexsmobs:mosquito_larva":1}},"DataVersion":2975}