{"stats":{"minecraft:crafted":{"minecraft:cooked_beef":5,"minecraft:crafting_table":2,"minecraft:wooden_pickaxe":1,"minecraft:air":24,"minecraft:stick":8,"minecraft:wooden_axe":1},"minecraft:custom":{"lootr:looted_stat":5,"minecraft:interact_with_furnace":21,"minecraft:mob_kills":12,"minecraft:interact_with_crafting_table":2,"minecraft:leave_game":1,"minecraft:time_since_death":4583,"minecraft:climb_one_cm":874,"minecraft:time_since_rest":4616,"minecraft:waystone_activated":1,"minecraft:sprint_one_cm":143364,"champions:champion_mobs_killed":5,"minecraft:damage_taken":2129,"minecraft:walk_one_cm":353381,"minecraft:drop":17,"minecraft:damage_dealt":2841,"minecraft:damage_dealt_absorbed":126,"minecraft:swim_one_cm":13248,"minecraft:talked_to_villager":1,"minecraft:fly_one_cm":150637,"minecraft:crouch_one_cm":4221,"minecraft:play_time":38401,"minecraft:deaths":6,"minecraft:sneak_time":503,"minecraft:walk_under_water_one_cm":3978,"minecraft:jump":570,"minecraft:walk_on_water_one_cm":4525,"minecraft:total_world_time":38401,"minecraft:fall_one_cm":10003,"minecraft:horse_one_cm":2326},"minecraft:mined":{"immersive_weathering:acacia_leaf_pile":1,"minecraft:grass_block":1,"minecraft:poppy":1,"minecraft:tall_grass":1,"farmersdelight:wild_tomatoes":4,"treechop:chopped_log":1,"minecraft:grass":52,"minecraft:dirt":1,"minecraft:cracked_stone_bricks":2,"minecraft:stone_bricks":7,"minecraft:stone":3},"minecraft:killed_by":{"minecraft:vindicator":2,"friendsandfoes:mauler":1,"irons_spellbooks:archevoker":1,"bloodandmadness:church_doctor_crucifix":1,"untamedwilds:hyena":1},"minecraft:picked_up":{"minecraft:feather":1,"minecraft:leather":2,"alexsmobs:acacia_blossom":6,"minecraft:lead":3,"minecraft:dirt":1,"bloodandmadness:blood_vial":2,"minecraft:stone_bricks":7,"minecraft:cracked_stone_bricks":2,"minecraft:wheat_seeds":2,"minecraft:beef":3,"minecraft:poppy":1,"minecraft:acacia_sapling":5,"minecraft:egg":1,"minecraft:stick":2,"minecraft:acacia_log":6,"farmersdelight:tomato_seeds":4,"epicfight:uchigatana":2,"immersive_weathering:stone_brick":1,"hexerei:sage_seed":1,"dannys_expansion:gel":1,"minecraft:arrow":6,"bloodandmadness:blood_stone_shard":1,"minecraft:cobblestone":3},"minecraft:killed":{"untamedwilds:hyena":2,"minecraft:vindicator":1,"dannys_expansion:mundane_slime":1,"minecraft:pillager":3,"friendsandfoes:mauler":1,"minecraft:cow":2},"minecraft:used":{"alexsmobs:emu_egg":1,"minecraft:wooden_pickaxe":13,"minecraft:cracked_stone_bricks":1,"minecraft:torch":2,"minecraft:crafting_table":2,"minecraft:wooden_axe":22,"minecraft:bread":6,"minecraft:stone_bricks":3,"minecraft:cobblestone":2,"minecraft:beef":1,"minecraft:egg":1,"minecraft:cooked_beef":5,"epicfight:uchigatana":42,"minecraft:experience_bottle":2},"minecraft:dropped":{"minecraft:iron_sword":1,"hexerei:sage_seed":1,"alexsmobs:acacia_blossom":4,"epicfight:uchigatana":2,"minecraft:crossbow":1,"minecraft:feather":1,"minecraft:lead":2,"minecraft:leather":1,"irons_spellbooks:scroll":2,"minecraft:dirt":1,"minecraft:arrow":30,"dannys_expansion:gel":1,"irons_spellbooks:cast_time_ring":1,"alexsmobs:mosquito_larva":1}},"DataVersion":2975}