{"stats":{"minecraft:custom":{"minecraft:time_since_rest":581,"minecraft:crouch_one_cm":719,"minecraft:deaths":1,"minecraft:play_time":6073,"minecraft:sprint_one_cm":46400,"minecraft:damage_taken":230,"minecraft:walk_one_cm":56515,"minecraft:sneak_time":105,"minecraft:mob_kills":4,"minecraft:jump":109,"minecraft:damage_dealt":810,"minecraft:leave_game":1,"minecraft:time_since_death":544,"minecraft:total_world_time":6073,"minecraft:damage_dealt_absorbed":42,"minecraft:fall_one_cm":3144,"minecraft:fly_one_cm":41778},"minecraft:mined":{"minecraft:grass":2},"minecraft:killed_by":{"untamedwilds:hyena":1},"minecraft:picked_up":{"minecraft:feather":1,"minecraft:leather":1,"minecraft:beef":3},"minecraft:killed":{"untamedwilds:hyena":2,"minecraft:cow":2},"minecraft:used":{"minecraft:beef":1,"minecraft:bread":2,"epicfight:uchigatana":13}},"DataVersion":2975}