{"stats":{"minecraft:crafted":{"minecraft:cooked_beef":1,"minecraft:air":32},"minecraft:used":{"minecraft:bread":4,"epicfight:glove":127,"minecraft:spyglass":4,"minecraft:cooked_beef":4,"epicfight:uchigatana":8,"minecraft:wooden_axe":11},"minecraft:dropped":{"minecraft:spyglass":1,"epicfight:uchigatana":1,"untamedwilds:material_fat":1,"minecraft:bread":2},"minecraft:picked_up":{"irons_spellbooks:scroll":1,"paraglider:essence":1,"minecraft:feather":2,"minecraft:stick":3,"minecraft:chicken":1,"immersive_weathering:acacia_bark":1,"minecraft:leather":1,"minecraft:acacia_log":8,"minecraft:dandelion":1,"minecraft:wooden_pickaxe":1,"minecraft:spyglass":1,"minecraft:enchanted_book":1,"paraglider:spirit_orb":1,"epicfight:uchigatana":1,"minecraft:string":2,"minecraft:lantern":1,"bloodandmadness:bullets/quicksilver_bullet":3,"minecraft:stripped_acacia_log":1,"hexerei:sage_seed":5,"minecraft:bone":1,"minecraft:arrow":32,"bloodandmadness:blood_vial":2,"untamedwilds:material_fat":2,"minecraft:wheat_seeds":13,"minecraft:crossbow":1,"bloodandmadness:sanguisteel_nugget":1,"supplementaries:ash":4,"minecraft:mutton":1,"minecraft:chest":1,"minecraft:acacia_sapling":7,"bloodandmadness:blood_stone_shard":1,"minecraft:cooked_beef":3,"minecraft:wooden_axe":1},"minecraft:killed_by":{"simple_mobs:dragon_flame":1,"dannys_expansion:ghoul":1,"simple_mobs:ent":2,"simple_mobs:shade":1},"minecraft:mined":{"minecraft:acacia_leaves":10,"immersive_weathering:acacia_leaf_pile":1,"treechop:chopped_log":1,"minecraft:grass":43,"minecraft:tall_grass":1},"minecraft:custom":{"minecraft:time_since_rest":662,"minecraft:waystone_activated":1,"champions:champion_mobs_killed":4,"minecraft:interact_with_furnace":3,"minecraft:sprint_one_cm":109182,"minecraft:damage_taken":2463,"minecraft:walk_one_cm":586146,"minecraft:mob_kills":4,"minecraft:drop":5,"minecraft:damage_dealt":2699,"minecraft:damage_dealt_absorbed":210,"minecraft:swim_one_cm":9644,"minecraft:fly_one_cm":119937,"minecraft:open_chest":3,"minecraft:crouch_one_cm":2050,"minecraft:play_time":93613,"minecraft:deaths":6,"minecraft:sneak_time":238,"minecraft:walk_under_water_one_cm":3352,"minecraft:jump":687,"minecraft:leave_game":3,"minecraft:time_since_death":552,"minecraft:walk_on_water_one_cm":8132,"minecraft:total_world_time":93613,"minecraft:climb_one_cm":2568,"minecraft:fall_one_cm":11954},"minecraft:killed":{"minecraft:skeleton":2,"minecraft:trader_llama":1,"bloodandmadness:church_doctor":1,"minecraft:zombie":1,"bloodandmadness:cloaked_beast_patient":1,"bloodandmadness:church_doctor_scythe":1,"bloodandmadness:church_doctor_crucifix":1,"untamedwilds:wildebeest":1,"minecraft:spider":1}},"DataVersion":2975}