{"stats":{"minecraft:crafted":{"minecraft:cooked_beef":1,"minecraft:air":32},"minecraft:custom":{"minecraft:time_since_rest":1266,"minecraft:interact_with_furnace":3,"minecraft:sprint_one_cm":98611,"minecraft:damage_taken":2119,"minecraft:walk_one_cm":568999,"minecraft:mob_kills":4,"minecraft:drop":5,"minecraft:damage_dealt":2629,"minecraft:damage_dealt_absorbed":210,"minecraft:swim_one_cm":9644,"minecraft:fly_one_cm":115608,"minecraft:open_chest":3,"minecraft:crouch_one_cm":2050,"minecraft:play_time":90817,"minecraft:deaths":5,"minecraft:sneak_time":238,"minecraft:walk_under_water_one_cm":3352,"minecraft:jump":654,"minecraft:leave_game":2,"minecraft:time_since_death":1162,"minecraft:walk_on_water_one_cm":8132,"minecraft:total_world_time":90817,"minecraft:climb_one_cm":2568,"minecraft:waystone_activated":1,"minecraft:fall_one_cm":11478,"champions:champion_mobs_killed":4},"minecraft:mined":{"minecraft:acacia_leaves":10,"immersive_weathering:acacia_leaf_pile":1,"treechop:chopped_log":1,"minecraft:grass":43,"minecraft:tall_grass":1},"minecraft:killed":{"minecraft:trader_llama":1,"bloodandmadness:church_doctor":1,"minecraft:zombie":1,"bloodandmadness:cloaked_beast_patient":1,"bloodandmadness:church_doctor_scythe":1,"minecraft:spider":1,"untamedwilds:wildebeest":1,"bloodandmadness:church_doctor_crucifix":1,"minecraft:skeleton":2},"minecraft:killed_by":{"simple_mobs:dragon_flame":1,"dannys_expansion:ghoul":1,"simple_mobs:ent":1,"simple_mobs:shade":1},"minecraft:picked_up":{"minecraft:wooden_axe":1,"minecraft:cooked_beef":3,"minecraft:stick":3,"minecraft:feather":2,"paraglider:essence":1,"minecraft:chicken":1,"immersive_weathering:acacia_bark":1,"minecraft:dandelion":1,"minecraft:leather":1,"minecraft:wooden_pickaxe":1,"minecraft:acacia_log":8,"minecraft:spyglass":1,"minecraft:enchanted_book":1,"paraglider:spirit_orb":1,"epicfight:uchigatana":1,"minecraft:string":2,"minecraft:lantern":1,"bloodandmadness:bullets/quicksilver_bullet":3,"hexerei:sage_seed":5,"minecraft:stripped_acacia_log":1,"minecraft:bone":1,"minecraft:arrow":32,"bloodandmadness:blood_vial":2,"untamedwilds:material_fat":2,"minecraft:wheat_seeds":13,"minecraft:crossbow":1,"bloodandmadness:sanguisteel_nugget":1,"supplementaries:ash":4,"minecraft:chest":1,"minecraft:acacia_sapling":6,"bloodandmadness:blood_stone_shard":1,"irons_spellbooks:scroll":1},"minecraft:used":{"minecraft:wooden_axe":11,"minecraft:bread":4,"epicfight:glove":122,"minecraft:spyglass":4,"minecraft:cooked_beef":4,"epicfight:uchigatana":8},"minecraft:dropped":{"minecraft:bread":2,"minecraft:spyglass":1,"epicfight:uchigatana":1,"untamedwilds:material_fat":1}},"DataVersion":2975}