{"stats":{"minecraft:custom":{"minecraft:time_since_rest":41878,"minecraft:play_time":41878,"minecraft:crouch_one_cm":1292,"minecraft:sprint_one_cm":30207,"minecraft:walk_one_cm":185951,"minecraft:sneak_time":128,"minecraft:walk_under_water_one_cm":2558,"minecraft:mob_kills":1,"minecraft:drop":2,"minecraft:jump":128,"minecraft:damage_dealt":563,"minecraft:walk_on_water_one_cm":4303,"minecraft:time_since_death":41878,"minecraft:total_world_time":41878,"minecraft:damage_dealt_absorbed":210,"minecraft:fall_one_cm":3528,"minecraft:fly_one_cm":34429,"minecraft:damage_taken":10},"minecraft:mined":{"minecraft:grass":6,"immersive_weathering:acacia_leaf_pile":1,"treechop:chopped_log":1},"minecraft:killed":{"untamedwilds:wildebeest":1,"minecraft:trader_llama":1},"minecraft:picked_up":{"minecraft:wooden_axe":1,"hexerei:sage_seed":1,"minecraft:stick":3,"minecraft:stripped_acacia_log":1,"minecraft:feather":2,"minecraft:chicken":1,"minecraft:bone":1,"immersive_weathering:acacia_bark":1,"untamedwilds:material_fat":2,"minecraft:leather":1,"minecraft:spyglass":1,"minecraft:acacia_log":8,"paraglider:spirit_orb":1,"epicfight:uchigatana":1,"minecraft:chest":1,"minecraft:acacia_sapling":6},"minecraft:used":{"minecraft:wooden_axe":11,"minecraft:spyglass":4,"minecraft:bread":3,"epicfight:glove":12,"epicfight:uchigatana":3},"minecraft:dropped":{"minecraft:spyglass":1,"untamedwilds:material_fat":1}},"DataVersion":2975}