{"stats":{"minecraft:custom":{"minecraft:time_since_rest":29878,"minecraft:play_time":29878,"minecraft:crouch_one_cm":1292,"minecraft:sprint_one_cm":13326,"minecraft:walk_one_cm":94153,"minecraft:sneak_time":109,"minecraft:walk_under_water_one_cm":2558,"minecraft:mob_kills":1,"minecraft:drop":1,"minecraft:jump":62,"minecraft:damage_dealt":210,"minecraft:walk_on_water_one_cm":4303,"minecraft:time_since_death":29878,"minecraft:total_world_time":29878,"minecraft:fall_one_cm":1045,"minecraft:fly_one_cm":12657},"minecraft:mined":{"minecraft:grass":5,"immersive_weathering:acacia_leaf_pile":1,"treechop:chopped_log":1},"minecraft:killed":{"untamedwilds:wildebeest":1},"minecraft:picked_up":{"minecraft:wooden_axe":1,"hexerei:sage_seed":1,"minecraft:stick":3,"minecraft:stripped_acacia_log":1,"minecraft:feather":2,"minecraft:chicken":1,"minecraft:bone":1,"immersive_weathering:acacia_bark":1,"untamedwilds:material_fat":2,"minecraft:leather":1,"minecraft:acacia_log":8,"paraglider:spirit_orb":1,"minecraft:acacia_sapling":6},"minecraft:used":{"minecraft:wooden_axe":11,"minecraft:spyglass":1,"epicfight:glove":11},"minecraft:dropped":{"untamedwilds:material_fat":1}},"DataVersion":2975}