{"stats":{"minecraft:crafted":{"minecraft:cooked_beef":1,"minecraft:air":0},"minecraft:custom":{"minecraft:time_since_rest":53878,"minecraft:interact_with_furnace":3,"minecraft:sprint_one_cm":43021,"minecraft:damage_taken":232,"minecraft:walk_one_cm":279401,"minecraft:mob_kills":2,"minecraft:drop":3,"minecraft:damage_dealt":1009,"minecraft:damage_dealt_absorbed":210,"minecraft:swim_one_cm":5157,"minecraft:fly_one_cm":46468,"minecraft:open_chest":3,"minecraft:crouch_one_cm":1292,"minecraft:play_time":53878,"minecraft:sneak_time":130,"minecraft:walk_under_water_one_cm":2704,"minecraft:jump":237,"minecraft:time_since_death":53878,"minecraft:walk_on_water_one_cm":4793,"minecraft:climb_one_cm":2568,"minecraft:total_world_time":53878,"minecraft:fall_one_cm":3737},"minecraft:mined":{"minecraft:acacia_leaves":10,"immersive_weathering:acacia_leaf_pile":1,"treechop:chopped_log":1,"minecraft:grass":7},"minecraft:killed":{"minecraft:trader_llama":1,"bloodandmadness:church_doctor_crucifix":1,"untamedwilds:wildebeest":1},"minecraft:picked_up":{"minecraft:wooden_axe":1,"minecraft:stick":3,"minecraft:feather":2,"minecraft:chicken":1,"immersive_weathering:acacia_bark":1,"minecraft:leather":1,"minecraft:acacia_log":8,"minecraft:spyglass":1,"paraglider:spirit_orb":1,"epicfight:uchigatana":1,"hexerei:sage_seed":2,"minecraft:stripped_acacia_log":1,"minecraft:bone":1,"untamedwilds:material_fat":2,"minecraft:wheat_seeds":3,"minecraft:chest":1,"minecraft:acacia_sapling":6},"minecraft:used":{"minecraft:wooden_axe":11,"minecraft:bread":3,"epicfight:glove":37,"minecraft:spyglass":4,"epicfight:uchigatana":8},"minecraft:dropped":{"minecraft:spyglass":1,"epicfight:uchigatana":1,"untamedwilds:material_fat":1}},"DataVersion":2975}