{"stats":{"minecraft:custom":{"minecraft:time_since_rest":17878,"minecraft:play_time":17878,"minecraft:crouch_one_cm":331,"minecraft:sprint_one_cm":9251,"minecraft:walk_one_cm":68080,"minecraft:sneak_time":39,"minecraft:jump":49,"minecraft:damage_dealt":15,"minecraft:time_since_death":17878,"minecraft:total_world_time":17878,"minecraft:fall_one_cm":836,"minecraft:fly_one_cm":11282},"minecraft:mined":{"minecraft:grass":5,"immersive_weathering:acacia_leaf_pile":1,"treechop:chopped_log":1},"minecraft:picked_up":{"minecraft:wooden_axe":1,"hexerei:sage_seed":1,"minecraft:stick":3,"minecraft:stripped_acacia_log":1,"minecraft:feather":2,"immersive_weathering:acacia_bark":1,"minecraft:acacia_log":7,"paraglider:spirit_orb":1,"minecraft:acacia_sapling":4},"minecraft:used":{"minecraft:wooden_axe":11,"minecraft:spyglass":1,"epicfight:glove":3}},"DataVersion":2975}