{"stats":{"minecraft:crafted":{"minecraft:acacia_planks":8,"minecraft:air":10},"minecraft:custom":{"minecraft:time_since_rest":19768,"minecraft:waystone_activated":1,"minecraft:interact_with_furnace":1,"minecraft:sprint_one_cm":99876,"minecraft:damage_taken":556,"minecraft:walk_one_cm":488113,"minecraft:mob_kills":9,"minecraft:drop":9,"minecraft:damage_dealt":8,"minecraft:damage_dealt_absorbed":36,"minecraft:swim_one_cm":6655,"minecraft:interact_with_crafting_table":1,"minecraft:fly_one_cm":100485,"minecraft:open_barrel":2,"minecraft:open_chest":4,"minecraft:crouch_one_cm":891,"minecraft:play_time":47700,"minecraft:deaths":1,"minecraft:sneak_time":139,"minecraft:walk_under_water_one_cm":3421,"minecraft:jump":502,"minecraft:time_since_death":19713,"minecraft:walk_on_water_one_cm":3850,"minecraft:total_world_time":47700,"minecraft:climb_one_cm":1268,"minecraft:fall_one_cm":6479},"minecraft:mined":{"treechop:chopped_log":4,"minecraft:crafting_table":1,"minecraft:grass":6,"minecraft:sugar_cane":2},"minecraft:killed":{"bloodandmadness:church_doctor":1,"alexsmobs:elephant":1,"bloodandmadness:church_doctor_scythe":2,"bloodandmadness:church_doctor_crucifix":1,"bloodandmadness:church_doctor_pistol":2,"minecraft:cow":2},"minecraft:killed_by":{"simple_mobs:dragon_flame":1},"minecraft:picked_up":{"irons_spellbooks:scroll":1,"hexerei:animal_fat":2,"minecraft:stick":1,"minecraft:crafting_table":1,"minecraft:cooked_beef":3,"minecraft:leather":1,"minecraft:lead":1,"alexsmobs:acacia_blossom":2,"minecraft:acacia_log":27,"paraglider:spirit_orb":1,"minecraft:oak_log":6,"irons_spellbooks:cast_time_ring":1,"minecraft:dirt":33,"hexerei:sage_seed":2,"minecraft:wheat_seeds":1,"minecraft:red_sand":1,"minecraft:beef":4,"minecraft:bread":1,"minecraft:oak_sapling":2,"quark:yellow_blossom_sapling":2,"minecraft:sugar_cane":3,"minecraft:acacia_sapling":5,"minecraft:cobblestone":22,"minecraft:egg":1},"minecraft:used":{"minecraft:wooden_axe":25,"minecraft:bread":7,"minecraft:baked_potato":1,"minecraft:crafting_table":1},"minecraft:dropped":{"quark:yellow_blossom_sapling":2,"minecraft:bread":5,"apotheosis:gem":1,"alexsmobs:shark_tooth":1,"minecraft:acacia_planks":3}},"DataVersion":2975}