{"stats":{"minecraft:crafted":{"minecraft:acacia_planks":8,"minecraft:air":10},"minecraft:custom":{"minecraft:time_since_rest":23700,"minecraft:interact_with_furnace":1,"minecraft:sprint_one_cm":59584,"minecraft:damage_taken":50,"minecraft:walk_one_cm":254712,"minecraft:mob_kills":1,"minecraft:swim_one_cm":2790,"minecraft:interact_with_crafting_table":1,"minecraft:fly_one_cm":57639,"minecraft:open_barrel":2,"minecraft:open_chest":4,"minecraft:crouch_one_cm":702,"minecraft:play_time":23700,"minecraft:sneak_time":96,"minecraft:walk_under_water_one_cm":1338,"minecraft:jump":259,"minecraft:time_since_death":23700,"minecraft:walk_on_water_one_cm":1540,"minecraft:total_world_time":23700,"minecraft:climb_one_cm":1268,"minecraft:fall_one_cm":4089},"minecraft:mined":{"treechop:chopped_log":4,"minecraft:crafting_table":1,"minecraft:grass":5,"minecraft:sugar_cane":2},"minecraft:killed":{"bloodandmadness:church_doctor":1,"alexsmobs:elephant":1,"bloodandmadness:church_doctor_scythe":1,"bloodandmadness:church_doctor_pistol":1},"minecraft:picked_up":{"minecraft:stick":1,"minecraft:crafting_table":1,"minecraft:lead":1,"alexsmobs:acacia_blossom":2,"minecraft:acacia_log":27,"paraglider:spirit_orb":1,"minecraft:oak_log":6,"minecraft:dirt":1,"hexerei:sage_seed":2,"minecraft:wheat_seeds":1,"minecraft:oak_sapling":2,"quark:yellow_blossom_sapling":2,"minecraft:sugar_cane":3,"minecraft:acacia_sapling":5,"minecraft:egg":1},"minecraft:used":{"minecraft:wooden_axe":25,"minecraft:bread":2,"minecraft:crafting_table":1}},"DataVersion":2975}