{"stats":{"minecraft:crafted":{"minecraft:acacia_planks":8,"minecraft:air":10},"minecraft:custom":{"minecraft:time_since_rest":7768,"minecraft:interact_with_furnace":1,"minecraft:sprint_one_cm":82518,"minecraft:damage_taken":344,"minecraft:walk_one_cm":385021,"minecraft:mob_kills":6,"minecraft:drop":4,"minecraft:swim_one_cm":2790,"minecraft:interact_with_crafting_table":1,"minecraft:fly_one_cm":87251,"minecraft:open_barrel":2,"minecraft:open_chest":4,"minecraft:crouch_one_cm":891,"minecraft:play_time":35700,"minecraft:deaths":1,"minecraft:sneak_time":139,"minecraft:walk_under_water_one_cm":2937,"minecraft:jump":369,"minecraft:time_since_death":7713,"minecraft:walk_on_water_one_cm":3360,"minecraft:total_world_time":35700,"minecraft:climb_one_cm":1268,"minecraft:fall_one_cm":6210},"minecraft:mined":{"treechop:chopped_log":4,"minecraft:crafting_table":1,"minecraft:grass":5,"minecraft:sugar_cane":2},"minecraft:killed":{"bloodandmadness:church_doctor":1,"alexsmobs:elephant":1,"bloodandmadness:church_doctor_scythe":1,"bloodandmadness:church_doctor_pistol":2,"minecraft:cow":2},"minecraft:killed_by":{"simple_mobs:dragon_flame":1},"minecraft:picked_up":{"irons_spellbooks:scroll":1,"hexerei:animal_fat":2,"minecraft:stick":1,"minecraft:crafting_table":1,"minecraft:cooked_beef":3,"minecraft:leather":1,"minecraft:lead":1,"alexsmobs:acacia_blossom":2,"minecraft:acacia_log":27,"paraglider:spirit_orb":1,"minecraft:oak_log":6,"irons_spellbooks:cast_time_ring":1,"minecraft:dirt":1,"hexerei:sage_seed":2,"minecraft:wheat_seeds":1,"minecraft:beef":4,"minecraft:bread":1,"minecraft:oak_sapling":2,"quark:yellow_blossom_sapling":2,"minecraft:sugar_cane":3,"minecraft:acacia_sapling":5,"minecraft:egg":1},"minecraft:used":{"minecraft:wooden_axe":25,"minecraft:bread":5,"minecraft:crafting_table":1},"minecraft:dropped":{"minecraft:bread":1,"apotheosis:gem":1,"alexsmobs:shark_tooth":1,"minecraft:acacia_planks":3}},"DataVersion":2975}