{"stats":{"minecraft:crafted":{"minecraft:acacia_planks":8,"minecraft:air":10},"minecraft:custom":{"minecraft:time_since_rest":11700,"minecraft:crouch_one_cm":702,"minecraft:play_time":11700,"minecraft:sprint_one_cm":16353,"minecraft:walk_one_cm":102682,"minecraft:sneak_time":96,"minecraft:jump":100,"minecraft:time_since_death":11700,"minecraft:total_world_time":11700,"minecraft:fall_one_cm":1312,"minecraft:interact_with_crafting_table":1,"minecraft:fly_one_cm":12498},"minecraft:mined":{"minecraft:grass":4,"minecraft:sugar_cane":2,"treechop:chopped_log":2,"minecraft:crafting_table":1},"minecraft:killed":{"alexsmobs:elephant":1},"minecraft:picked_up":{"minecraft:crafting_table":1,"hexerei:sage_seed":1,"minecraft:wheat_seeds":1,"minecraft:lead":1,"minecraft:acacia_log":8,"paraglider:spirit_orb":1,"minecraft:oak_log":6,"quark:yellow_blossom_sapling":2,"minecraft:oak_sapling":2,"minecraft:sugar_cane":3},"minecraft:used":{"minecraft:wooden_axe":8,"minecraft:crafting_table":1}},"DataVersion":2975}