{"stats":{"minecraft:crafted":{"minecraft:acacia_planks":8,"minecraft:air":15},"minecraft:custom":{"minecraft:time_since_rest":43312,"minecraft:waystone_activated":2,"minecraft:interact_with_furnace":1,"minecraft:sprint_one_cm":146132,"minecraft:damage_taken":1107,"minecraft:walk_one_cm":792791,"minecraft:mob_kills":12,"minecraft:drop":11,"minecraft:damage_dealt":48,"minecraft:damage_dealt_absorbed":36,"minecraft:swim_one_cm":13730,"minecraft:interact_with_crafting_table":2,"minecraft:fly_one_cm":154449,"minecraft:open_barrel":5,"minecraft:open_chest":7,"minecraft:crouch_one_cm":2512,"minecraft:play_time":71244,"minecraft:deaths":1,"minecraft:sneak_time":342,"minecraft:walk_under_water_one_cm":15242,"minecraft:jump":782,"minecraft:leave_game":1,"minecraft:time_since_death":43257,"minecraft:walk_on_water_one_cm":9378,"minecraft:total_world_time":71244,"minecraft:climb_one_cm":1436,"champions:champion_mobs_killed":2,"minecraft:fall_one_cm":9876},"minecraft:mined":{"minecraft:dandelion":1,"treechop:chopped_log":4,"minecraft:crafting_table":1,"minecraft:grass":9,"minecraft:deepslate_iron_ore":2,"minecraft:stone":2,"minecraft:sugar_cane":2},"minecraft:killed":{"bloodandmadness:church_doctor":1,"minecraft:zombie":1,"alexsmobs:elephant":1,"dannys_expansion:floam":1,"minecraft:chicken":1,"bloodandmadness:church_doctor_scythe":2,"minecraft:silverfish":1,"bloodandmadness:church_doctor_crucifix":1,"bloodandmadness:church_doctor_pistol":2,"minecraft:cow":2},"minecraft:killed_by":{"simple_mobs:dragon_flame":1},"minecraft:picked_up":{"irons_spellbooks:scroll":1,"hexerei:animal_fat":2,"minecraft:stick":1,"minecraft:crafting_table":1,"minecraft:cooked_beef":3,"minecraft:leather":1,"minecraft:lead":1,"alexsmobs:acacia_blossom":2,"minecraft:acacia_log":27,"paraglider:spirit_orb":1,"minecraft:oak_log":6,"irons_spellbooks:cast_time_ring":1,"minecraft:dirt":33,"hexerei:sage_seed":4,"minecraft:wheat_seeds":2,"minecraft:red_sand":1,"minecraft:beef":4,"minecraft:wheat":3,"minecraft:bread":1,"minecraft:oak_sapling":2,"quark:yellow_blossom_sapling":2,"simple_mobs:shade_mane":1,"minecraft:sugar_cane":3,"minecraft:acacia_sapling":5,"minecraft:raw_iron":2,"minecraft:cobblestone":25,"minecraft:egg":1},"minecraft:used":{"minecraft:wooden_axe":25,"minecraft:red_sand":1,"minecraft:stone_pickaxe":5,"minecraft:bread":7,"minecraft:baked_potato":3,"minecraft:cobblestone":11,"minecraft:crafting_table":2,"minecraft:carrot":8},"minecraft:dropped":{"quark:yellow_blossom_sapling":2,"minecraft:bread":5,"minecraft:acacia_sapling":5,"apotheosis:gem":1,"alexsmobs:shark_tooth":1,"minecraft:acacia_planks":3,"minecraft:dirt":32}},"DataVersion":2975}